"Text";"Id"
"cuma berani sekali puteran doang karena besok harus jadi tangga stasiun Manggarai+ stasiun MRT fighter lagi. takut betis ketarik lagi ?";"1538460188990406656"
"@hcpopstar Selamat sore. Stasiun terdekat dengan Kota Kasablanka tersedia Stasiun Tebet dengan jarak ± 2,8 KM, silakan naik KRL Bekasi-Manggarai terlebih dahulu, kemudian transit berpindah KRL Manggarai-Tebet ya kak. Tks.";"1538457729324679168"
"Stasiun Matraman Diharapkan Kurangi Beban di Manggarai https://t.co/BNQOneGPma";"1538455940088836097"
"RT @CommuterLine: #InfoLintas : Transitan KA Terakhir Minggu, 19 Juni 2022  

KA 2166 (Tanah Abang-Rangkasbitung terakhir) menunggu transit…";"1538453267713523712"
"Menteri Perhubungan Budi Karya Sumadi bersama Menteri Koperasi dan Usaha Kecil dan Menengah (UKM) Teten Masduki membuka soft launching Stasiun Shelter Matraman di Kampung Melayu, Jakarta Timur, Minggu (19/6). Menhub berharap 20 ribu penumpang bisa naik ... https://t.co/36TFa2UfBT";"1538452881468276738"
"Senang sekali bisa jadi saksi lahirnya stasiun Matraman yang berada di lintas antara stasiun Manggarai - Jatinegara. Desainnya modern, fasilitasnya lengkap dan sudah ramah difabel juga.
Terima kasih Pak @mas_didiek, stasiunnya keren banget ?

thanks @RKevin_Ramdhani sudah ajak? https://t.co/8rwcnFZHnH";"1538451005473722368"
"KA 4450 (Jakarta Kota-Bogor terakhir) menunggu transit  KA 6096 (Kampung Bandan-Manggarai-Cikarang) dan KA 5077 (Bekasi-Angke) di Stasiun Manggarai. |5";"1538450937768910848"
"KA 6096 (Kampung Bandan-Manggarai-Cikarang terakhir) menunggu transit penumpang KA 4455 (Bogor-Manggarai) di Stasiun Manggarai. |4";"1538450935797514240"
"KA 2366 (Duri-Tangerang terakhir) menunggu transit penumpang KA 5075 (Cikarang-Manggarai-Angke) di Stasiun Duri. |3";"1538450933796851712"
"KA 2176 (Tanah Abang-Parung Panjang terakhir) menunggu transit penumpang KA 5075 (Cikarang-Manggarai-Angke) dan KA 6094 (Kampung Bandan-Manggarai) di Stasiun Tanah Abang. |2";"1538450931611619329"
"#InfoLintas : Transitan KA Terakhir Minggu, 19 Juni 2022  

KA 2166 (Tanah Abang-Rangkasbitung terakhir) menunggu transit penumpang KA 5070 (Angke-Manggarai-Bekasi) dan KA 5071 (Cikarang-Manggarai-Angke) di Stasiun Tanah Abang. |1";"1538450929334112257"
"makan ngemper ramean di stasiun manggarai seruuu bgt asli ? https://t.co/lHbDVe3TGx";"1538449186215305216"
"@CommuterLine Min, parkir yang bisa menggunakan kartu KMT selain di stasiun Pasar Senen kira-kira mana aja ya? Soalnya pas di stasiun Manggarai kebetulan hanya bisa tunai. Makasih.";"1538438388260696065"
"@CommuterLine min, mau tanya, kalau dari stasiun angke ke stasiun rajawali bisa langsung ga? jadi angke - kp.bandan - rajawali? atau hrs lewatin manggarai / jatinegara dulu?";"1538436256165933056"
"@tiaraaauty Sore kak Rara, kami infokan untuk saat ini 3Digibox stasiun Manggarai sudah online kembali, dan untuk 3Digibox PGC ada di Lantai daras Pintu Masuk Mall, depan Outlet Super Roti ya.  Semoga membantu^Ria";"1538435398418014208"
"@singgihmahardka Selamat sore. Benar demikian kak, silakan transit di Stasiun Manggarai, kemudian berpindah KRL tujuan Jatinegara ya kak. Tks.";"1538434692940447744"
"Today bareng @_hilmiar diajak langsung sama pak @mas_didiek ikut peresmian Stasiun Matraman di Lintas antara Manggarai-Jatinegara. Stasiunnya keren, semoga next bisa integrasi dengan moda lain seperti Transjakarta. Khususnya dengan Halte Kebon Pala ? https://t.co/eBhLNExLF2";"1538434337149833216"
"Ada Stasiun Matraman, Menhub: 20 Ribu Penumpang Tak Perlu ke Manggarai https://t.co/Hqb5meaLh0";"1538433652065185792"
"@adesulaeman_86 Selamat sore. Kami informasikan untuk KA 4512 (Jakarta Kota-Nambo) jadwal berangkat dari Stasiun Manggarai tepat pkl. 15:04 WIB ya kak. Tks.";"1538433311315722241"
"Halo @PT_Transjakarta dari harmoni ke stasiun Manggarai apakah ada rutenya?";"1538426312343572480"
"@darkhustle__ @capekk @convomf Ada KRL kak, biasanya dari stasiun senen kamu naik yg arah ke manggarai nanti kamu turun ditanah abang.. abis itu pindah peron buat ke arah rawa buntu atau ciasauk, nanti dari sana bisa naik ojol soalnya ga ada angkot";"1538425469095186432"
"Haus tapi minimarket stasiun manggarai dibawah semua ya. ??";"1538424314709454848"
"Akhirnya w nemuin kedai susu segar yg rasanya pas, ga kemanisan dan ga bikin enek! Varian rasanya jg banyak banget serta banyak makanan pendukung lain nya. Lokasi nya strategis banget di deket SMPN 3 JakSel dan dekat juga dgn Stasiun Manggarai @drhaltekehalte https://t.co/RmZHGe6zTO";"1538422715924697088"
"RT @liputan6dotcom: Stasiun Matraman merupakan stasiun di antara Jatinegara dengan stasiun Manggarai. Fungsinya mengurangi beban stasiun Ma…";"1538417092910690304"
"@CommuterLine No KA ga tau min @CommuterLine , ini relasi Bekasi- Manggarai. Kereta No 2. Posisi kereta saat ini di stasiun Kemayoran";"1538416761078697984"
"Stasiun Matraman merupakan stasiun di antara Jatinegara dengan stasiun Manggarai. Fungsinya mengurangi beban stasiun Manggarai.
https://t.co/I4XdT3RKgq";"1538416707496075265"
"Dengan target 10 ribu penumpang per hari, Stasiun Matraman diharapkan dapat meringkan beban kepadatan di Stasiun Manggarai.

https://t.co/PrBkanvj9q";"1538416294415847424"
"RT @iniakunoranggg: @elisa_jkt 2 tahun pandemi serta 4 tahun di awal kepemimpinan Gub skrg sbnrnya udah bisa banget buat kelarin pembanguna…";"1538410538371166213"
"@forhobies Selamat siang. Silakan naik KRL dengan tujuan akhir Bekasi/Cikarang via Manggarai ya kak agar dapat turun di Stasiun Duri. Tks.";"1538410253532155904"
"Merasakan hiruk pikuk switch over Stasiun Manggarai.. Lumayan membingungkan.. haha https://t.co/FEbZlaCa1p";"1538407703562706944"
"Anti-Antre di Manggarai! Selamat Datang di Stasiun Mantraman https://t.co/6AzPpuOh6m";"1538376737222193153"
"Baru lagi naik KRL setelah hampir 2 tahun ga pernah naik. Bangga banget stasiun sekarang udah bagus-bagus banget, apalagi stasiun Manggarai.";"1538375134758572033"
"@hariii____ @rezakurni2 @annepurba @CurhatKRL Selamat siang. Kami mohon maaf atas ketidaknyamanannya yang dialami saat menggunakan KRL pasca pelaksanaan SO 5 di Stasiun Manggarai. Kami memahami atas kondisi yang di alami. |1";"1538374163504582656"
"@mona11011972 Selamat siang. Utk rute Tanjung Barat-Pasar Senen, silakan transit di Stasiun Manggarai, lalu berpindah KRL Manggarai-Jatinegara, kemudian transit kembali berpindah KRL Jatinegara-Pasar Senen. |1";"1538368363411689472"
"@nadila_lol Selamat siang. Kami informasikan untuk musala bawah Stasiun Manggarai tersedia karpet, namun untuk saran fasilitas karpet di musala atas menjadi masukan kami untuk perbaikan pelayanan serta kenyamanan pengguna jasa. Tks.";"1538367303011958784"
"Gils bagus bener ni stasiun manggarai";"1538347544665030656"
"Jadi anak kereta lagi, alhamdulillah stasiun matraman sudah beroperasi, ga perlu naik ojek (via manggarai), naik busway (via tebet) atau naik angkot (via jatinrgara) lagi... https://t.co/YSQHkLAeWf";"1538346932489580545"
"Kondisi stasiun kereta di Jepang saat ini saat rush hour tidak bedanya dg stasiun Manggarai, hampir semua pengguna kereta menaiki tangga. Semoga bisa jadi contoh untuk orang Jabodetabek untuk ber commuter ria";"1538344421460430848"
"@Billy_Rania @aniesbaswedan Sekarang beda jauuuuh...
Selama pandemi ... Stasiun Manggarai direnovasi";"1538336004050145283"
"@collegemenfess dari tangerang turun stasiun duri nderr, abis itu transit di duri naik kereta arah manggarai (aku lupa naik kereta ke bekasi atau apa, pokoknya turun manggarai) abis itu transit di manggarai trus naik kereta ke arah bogor, turun stasiun ui atau pondok cina";"1538335260240269313"
"@siregar_najeges @aniesbaswedan Stasiun Manggarai banyak cerita buat gw, sering liat ibu2 jambak2 an krn suaminya pacaran  di kereta ya dll ya https://t.co/qmQdIn6xJ8";"1538326099888721921"
"Bro,

Let's try naik krl di stasiun Tanah Abang dan Manggarai. https://t.co/fg7gB33k4p";"1538323571340361728"
"KRL @commuterline seri langka JR 205 Marchen Face melintas jalur atas Stasiun Manggarai, Minggu pagi ini (19/6) ?. 

V: @arifesbeee_ https://t.co/y6JIioIv8M";"1538318270922600449"
"@hidayyatt Selamat pagi rute Buaran-Duren Kalibata silakan dapat transit dahulu di Stasiun Manggarai, keberangkatan pertama rute Buaran-Manggarai pkl. 05:00 WIB. Tks.";"1538286361228476416"
"@Sanwo18 Pak coba naik kereta dari depok baru ke stasiun tebet pak atau manggarai deh";"1538225945529634816"
"@tanyakanrl GAK ADAAA, TADI MALEM MINGGUAN HP KU MATI GRGR LOBETTT ?
padahal muk mengabadikan betapa macetnya kemayoran dan jalan arah ke stasiun manggarai WKWK";"1538217782579707905"
"@winnierosmawaty @CommuterLine Perasaan gue doang atau tiap ke Stasiun Manggarai pasti ada aja eskalator dalam perbaikan, entah yang di lantai 2 atau yang di lantai. Bagi gue yang bukan commute dan emang lebih milih naik tangga ya ga masalah sih, cuman ya nganu ????? https://t.co/RehJbPVpqE";"1538200267669516288"
"Perubahan pola operasi tersebut dilakukan dengan adanya pelaksanaan Switch Over (SO) ke-5 atau SO5 di Stasiun Manggarai oleh Direktorat Jenderal Perkeretaapian Kementerian Perhubungan.

#PeningkatanLayananKRL
#SO5StasiunManggarai
#LayananKRLLebihBaik";"1538199727744749568"
"yang ke arah manggarai dari tambak, yang sabar. atau dari stasiun manggarai menuju pasar rumput/dr saharjo. muacet banget dari jam 7 sore tadi gw lewat, barusan lewat lagi tetap macet parah. ada yang amblas di underpass pintu air manggarai https://t.co/oTO7YoCrHD";"1538197925087432704"
"Mulai tanggal 28 Mei 2022, di Stasiun Manggarai, KRL Lin Bogor-Depok-Nambo hanya menuju Jakarta Kota melalui jalur layang. Sedangkan tujuan Tanah Abang, Kampung Bandan, Angke, Duri akan dilayani dengan KRL Cikarang-Bekasi di peron 6 atau 7.";"1538196670340399104"
"Sobat BUMN,

Penyesuaian pola operasional KRL hari Sabtu, 28 Mei 2022 resmi dijalankan untuk mendukung pelaksanaan switch over yang ke 5 di Stasiun Manggarai. https://t.co/ycjNWhx4Y9";"1538196661737902080"
"Masih bingung kenapa ada Stasiun Matraman yang jaraknya dengan Manggarai dan Jatinegara tuh gak jauh-jauh banget?";"1538195970814464000"
"@dmrsje Kalo aku dari stasiun Bogor ke stasiun Manggarai (5k), nah dari situ jalan ke halte manggarai terus naek tj turun di UNJ (3,5K)";"1538192712913997825"
"RT @PT_Transjakarta: Sahabat TiJe, mulai Senin, 20 Juni 2022, Transjakarta melakukan penyesuaian jam layanan pada rute:

4B (Stasiun Mangga…";"1538192651643940865"
"@bogorfess_ Stasiun Manggarai, rest area cibubur";"1538187575852437505"
"@HelloKimJD @talgibbh 3. Naik kereta Bogor - JaKot, transit di Manggarai ambil arah Cikarang, turun di st. Jatinegara, keluar stasiun terus lanjut naik Transjakarta ke halte Jatinegara nanti tunggu bis nya yg kearah priuk, tapi bukan bis ke priuk nanti ada TJ khusus ke prj, PGC - PRJ tulisan nya";"1538184342069198848"
"Ga semua bisa langsung di capai. Gapapa, nanti silahkan transit di stasiun Manggarai dulu ya";"1538183294218833920"
"@HelloKimJD @tenkickback turun manggarai, dri manggarai naik arah senen trus turun di stasiun kemayoran.. abis tuh naik ojol deh ke prj";"1538182551743139840"
"RT @literarybase: Karya — Manggarai
'pertemuan adalah setengah dari perpisahan, dan stasiun tempat keduanya terjadi' https://t.co/yyhOElVgfz";"1538178643154722816"
"@reds_sunshine Kak Nop!!! My whatsApp open 24 hours 7 days a week for you. Jgn ragu buat gedor yaaa. Atau mau meet up? Yukkk. Mamam cemilan ala ala korea di Stasiun Sudirman atau Manggarai boleh lho. 
Peluk sini. ???";"1538175528796008454"
"@celoistava jalan jalan ke stasiun manggarai
hai ??";"1538168967331602433"
"@Syahfarhan10 Selamat malam. KRL terakhir dari Stasiun Rajawali transit di Manggarai pukul 23.17 WIB. Sedangkan KRL terakhir dari Stasiun Manggarai-Depok pukul 00.09 WIB. Info lengkap pada KRLaccess dan follow @commuterline. Trims.";"1538151149228142593"
"RT @literarybase: Karya — Manggarai
'pertemuan adalah setengah dari perpisahan, dan stasiun tempat keduanya terjadi' https://t.co/yyhOElVgfz";"1538151062808707072"
"RT @CommuterLine: @dhitadhitooo Dari Rawa buntu menuju Jakarta kota transit di Stasiun Tanah abang dan Manggarai selanjutnya menuju Jakarta…";"1538146028037079040"
"RT @CommuterLine: @ankgieAnkgrian Rute Rawa Buntu-Jakarta Kota silakan transit di stasiun tanah abang dan stasiun manggarai, tks.";"1538145924895019009"
"RT @CommuterLine: @ferrysuu Selamat malam, rute Rawa Buntu-Jakarta Kota silakan naik KRL tujuan Tanah Abang lalu transit di Stasiun Tanah A…";"1538145876157165568"
"STASIUN MANGGARAI NI GUE LIAT LIAT KEK SETAN YE? JAUH BETUL TANGGA DAN NAIK TURUNNYAA YAALLAH GEMPOR???";"1538145834952708096"
"@CommuterLine stasiun manggarai";"1538144045985574913"
"RT @jalur5_: Berikut pantauan progres pembangunan Stasiun Manggarai lantai atas (calon 6 jalur untuk peron KA Jarak Jauh), hari ini (18/6).…";"1538139547464151040"
"Stasiun  manggarai... peron 12 https://t.co/26hPcpgfIK";"1538130943537336321"
"Berikut pantauan progres pembangunan Stasiun Manggarai lantai atas (calon 6 jalur untuk peron KA Jarak Jauh), hari ini (18/6). Terlihat pengecoran sudah dilakukan hingga lantai 3 gedung baru. 

Pic: @herysuhendra https://t.co/0vK5itxWs6";"1538126067008798720"
"Secara kebetulan di Jabodetabek ada maling spesialis bagasi di Stasiun Manggarai, yang memungkinkan tas raib jika diawasi. Salah satu admin pernah menjadi korban";"1538123746602430470"
"@CommuterLine mau ngasih pendapat aja, kenapa kereta Bekasi jarak datangnya di stasiun Manggarai jedanya lama yaa ... Bukankah itu menjadi krg efisen ya? Jika mau transit di kota jaraknya jauh. Mohon lebih diperhatikan lagi yaaa";"1538116569166774278"
"Eh ini kalo naik kereta dari stasiun Cikarang ke stasiun Juanda transitnya dimana??? Di Manggarai atau Jatinegara???";"1538110377778880512"
"@saturnomeus HAHA gw sbg pendatang di jkt pas cobain krl manggarai dan tanah abang (krn ini stasiunnya stasiun transit) wuiss, culture shock beratttt dengan keramaiann, awalnya si nd terlalu krn pas aturan ppkm berlaku";"1538109264593506304"
"RT @literarybase: Karya — Manggarai
'pertemuan adalah setengah dari perpisahan, dan stasiun tempat keduanya terjadi' https://t.co/yyhOElVgfz";"1538106473628450817"
"RT @literarybase: Karya — Manggarai
'pertemuan adalah setengah dari perpisahan, dan stasiun tempat keduanya terjadi' https://t.co/yyhOElVgfz";"1538106250281439232"
"Plissss stasiun manggarai gak ramah banget buat bumil, jalan keluarnya jauh banget kalo turun di peron 11 ?";"1538097377180909568"
"Antara naik tangga pindah peron di Stasiun Manggarai dan naik tangga keluar MRT pintu F Bundaran HI (depan Sinarmas Tower), di sanalah pre-test kebugaran tubuh diuji. #TrueStory";"1538092114227044354"
"@rapdodge Sore kak Rifqi, untuk 3Digibox Stasiun Manggarai saat ini statusnya sudah online ya, silakan kakak bisa langsung datang ke Stasiun Manggarai di Jl. Manggarai Utara, RW.1, Manggarai, Kec. Tebet, Kota Jakarta Selatan ya. Thanks ^Ina";"1538090302807891970"
"RT @detikcom: Eskalator di Stasiun Manggarai Jakarta Selatan mengalami tiga kali 'kematian'. Kenapa eskalator di stasiun yang strategis ini…";"1538089618934968320"
"@PT_Transjakarta hallo min, tolong info tj dari stasiun manggarai ke mampang prapatan, terimakasih";"1538089391863631872"
"@andri_just Tersedia fasilitas lift di peron 6/7 Stasiun Manggarai, bagi pengguna prioritas sebagai alternatif dapat menggunakan fasilitas lift yang tersedia. Untuk informasinya silakan menemui petugas Stasiun, tks.";"1538087602477498368"
"Selamat sore min, mau tanya jadwal kereta ke Manggarai dr stasiun Cibitung berangkat jam 16.30 @CommuterLine terima kasih";"1538086670020378624"
"@andri_just Selamat sore. Mohon maaf atas ketidaknyamanannya, untuk eskalator di peron 6, 7 Stasiun Manggarai yg terkendala, saat ini masih dalam upaya perbaikan oleh bagian terkait. kami berharap fasilitas yang terkendala dapat berfungsi normal kembali, tks.";"1538086347898232832"
"RT @PT_Transjakarta: Sahabat TiJe, mulai Senin, 20 Juni 2022, Transjakarta melakukan penyesuaian jam layanan pada rute:

4B (Stasiun Mangga…";"1538079650114510848"
"KA 4450 (Jakarta Kota-Bogor terakhir) menunggu transit  KA 6096 (Kampung Bandan-Manggarai-Cikarang) dan KA 5077 (Bekasi-Angke) di Stasiun Manggarai. |5";"1538075272196464640"
"KA 6096 (Kampung Bandan-Manggarai-Cikarang terakhir) menunggu transit penumpang KA 4455 (Bogor-Manggarai) di Stasiun Manggarai. |4";"1538075269860274176"
"KA 2366 (Duri-Tangerang terakhir) menunggu transit penumpang KA 5075 (Cikarang-Manggarai-Angke) di Stasiun Duri. |3";"1538075267859550208"
"KA 2176 (Tanah Abang-Parung Panjang terakhir) menunggu transit penumpang KA 5075 (Cikarang-Manggarai-Angke) dan KA 6094 (Kampung Bandan-Manggarai) di Stasiun Tanah Abang. |2";"1538075265317736448"
"#InfoLintas : Transitan KA Terakhir Sabtu, 18 Juni 2022  

KA 2166 (Tanah Abang-Rangkasbitung terakhir) menunggu transit penumpang KA 5070 (Angke-Manggarai-Bekasi) dan KA 5071 (Cikarang-Manggarai-Angke) di Stasiun Tanah Abang. |1";"1538075262989967361"
"@bellebelss Selamat sore. Untuk tujuan Tanah Abang saat ini tersedia KA D1/5543A di Stasiun Manggarai, tks.";"1538075150725582849"
"RT @detikcom: Eskalator di Stasiun Manggarai Jakarta Selatan mengalami tiga kali 'kematian'. Kenapa eskalator di stasiun yang strategis ini…";"1538072731094515713"
"@dillahfara Selamat sore Kak. Untuk rute Sawah Besar-Bekasi tidak tersedia perjalanan langsung, silakan transit di Stasiun Manggarai terlebih dahulu untuk dapat berpindah KRL tujuan Bekasi/Cikarang, tks.";"1538072686882344961"
"@shxkrz @tanyakanrl Ini di stasiun manggarai";"1538072281280401408"
"@saturnomeus Kalau mau ajak begitu ( Stasiun Manggarai ) lebih tepatnya ajak Komisaris Utama KAI & Menteri BUMN.
walaupun berada di wilayah Jaksel, tapi bukan ranahnya Pemprov Jakarta.

Komut KAI = Said Aqil
Men BUMN = Erick Thohir https://t.co/V0a2H0SDEh";"1538069559952846851"
"Kalo sampe 3x harusnya dapat hadiah gelas https://t.co/7BMNarAlW8";"1538068165015519232"
"Udah gila ini dari Kelapa Gading mau ke Kuningan ternyata sekarang jalannya diputerin kudu lewat depan stasiun Manggarai yang mana jadi tambah bikin macet cet cet.";"1538068024397160449"
"RT @PT_Transjakarta: Sahabat TiJe, mulai Senin, 20 Juni 2022, Transjakarta melakukan penyesuaian jam layanan pada rute:

4B (Stasiun Mangga…";"1538059165201240064"
"sekarang bukan hanya tekanan dari kantor doang, tapi dari stasiun manggarai juga wkwk";"1538049393604952064"
"RT @detikcom: Eskalator di Stasiun Manggarai Jakarta Selatan mengalami tiga kali 'kematian'. Kenapa eskalator di stasiun yang strategis ini…";"1538048424368812032"
"RT @literarybase: Karya — Manggarai
'pertemuan adalah setengah dari perpisahan, dan stasiun tempat keduanya terjadi' https://t.co/yyhOElVgfz";"1538047116899078145"
"RT @PT_Transjakarta: Sahabat TiJe, mulai Senin, 20 Juni 2022, Transjakarta melakukan penyesuaian jam layanan pada rute:

4B (Stasiun Mangga…";"1538043273784467456"
"@dayetnah Tbh jarak stasiunnya nanggung dinn, paling tetep langsung ke manggarai atau jatinegara-in sekalian ???

Dann aku ga ngerti knp dibuat stasiun sedeket itu. Mungkin persiapan manggarai sentral kali ya";"1538042571926405121"
"@justreadwrite Selamat siang, silakan kakak dapat menunggu KRL tujuan Stasiun Tanah Abang-Angke/Kampung Bandan di peron 6/7 Stasiun Manggarai. Terima kasih.";"1538034707610628096"
"Dr stasiun bogor ke manggarai terus balik lg ke bogor biar abang azka tau rasanya naik kereta gmn ? bolakbalik gt rasanya ko gempor bgt ? emang dsr badan jompo";"1538034350058418176"
"RT @literarybase: Karya — Manggarai
'pertemuan adalah setengah dari perpisahan, dan stasiun tempat keduanya terjadi' https://t.co/yyhOElVgfz";"1538026221941886978"
"Karya — Manggarai
'pertemuan adalah setengah dari perpisahan, dan stasiun tempat keduanya terjadi' https://t.co/yyhOElVgfz";"1538025387581906944"
"Stasiun yg bikin jompo, manggarai";"1538022988217733120"
"RT @PT_Transjakarta: Sahabat TiJe, mulai Senin, 20 Juni 2022, Transjakarta melakukan penyesuaian jam layanan pada rute:

4B (Stasiun Mangga…";"1538021831269294080"
"ga duduk karena siap siap stasiun manggarai https://t.co/9ShD6GG6l8";"1538014632677642242"
"RT @PT_Transjakarta: Sahabat TiJe, mulai Senin, 20 Juni 2022, Transjakarta melakukan penyesuaian jam layanan pada rute:

4B (Stasiun Mangga…";"1538013097180676098"
"RT @PT_Transjakarta: Sahabat TiJe, mulai Senin, 20 Juni 2022, Transjakarta melakukan penyesuaian jam layanan pada rute:

4B (Stasiun Mangga…";"1538008338868293633"
"RT @thestoryan: Guys jangan lupa setelah Stasiun Jatinegara sekarang ada Stasiun Matraman. Tadi banyak yang salah turun dikirain udah sampe…";"1538006784421806082"
"RT @thestoryan: Guys jangan lupa setelah Stasiun Jatinegara sekarang ada Stasiun Matraman. Tadi banyak yang salah turun dikirain udah sampe…";"1538006660996026368"
"@yokayok Rute Cikarang via Manggarai silakan dapat menunggu kedatangan KA di Peron jalur 3 Stasiun Tanah Abang ya atau menunggu informasi lanjut dari petugas Announcer di stasiun. Tks.";"1538001820999876608"
"Guys jangan lupa setelah Stasiun Jatinegara sekarang ada Stasiun Matraman. Tadi banyak yang salah turun dikirain udah sampe Stasiun Manggarai. ?";"1538001790783737859"
"@Teddyku66657810 @PT_Transjakarta Pilihan 3: Naik 7D jurusan Pancoran turun di Cawang UKI lalu naik Koridor 10 jurusan Tanjung Priok turun di Stasiun Jatinegara lalu naik Koridor 11 jurusan Pulo Gebang turun di Stasiun Klender lalu naik KRL jurusan Kampung Bandan/Angke via Manggarai turun di Manggarai";"1538000566801969157"
"RT @detikcom: Pemerintah berencana untuk menjadikan Stasiun Manggarai sebagai stasiun sentral di Jakarta. Ini 3 PR besar yang harus dibenah…";"1538000205559148544"
"Pemerintah berencana untuk menjadikan Stasiun Manggarai sebagai stasiun sentral di Jakarta. Ini 3 PR besar yang harus dibenahi. https://t.co/rvMbiecZz9";"1537998744917925888"
"Jauh sebelum teman-teman di Manggarai merasakan naik turun tangga untuk menyeberang antarperon, teman-teman pengguna Stasiun Duri sudah merasakan hal tersebut sejak 2017 (walaupun diwajibkan lewat atas baru di akhir 2021). 

V: @94yunita https://t.co/5TRCZS1hTr";"1537997684283301891"
"@bogorfess_ stasiun manggarai, gondangdia, gambir";"1537995349444308995"
"@scaramousyy Selamat pagi Kak. Dapat kami sampaikan untuk tujuan Duri/Angke/Kampung Bandan silakan naik KRL di peron jalur 6/7 Stasiun Manggarai ya. Kami imbau untuk tetap memperhatikan informasi dan arahan dari petugas di stasiun. |1";"1537992233684992000"
"@Edogwa_Raein krn mrt rutenya terbatas jadi lebih sering pake krl, tapi experience wise aku suka mrt (mungkin efek rute terbatas = penumpang lebih dikit jg dibanding krl yg kl udah ketemu di duri/tanah abang/manggarai tuh ???) (tapi stasiun sm keretanya jg lebih nyaman mrt sih)";"1537989148887289860"
"Last RT...

Ternyata operasional RapidKL samanya bermasalah kayak stasiun Manggarai, masalah Elevator/Eskalator yg gak berfungsi??";"1537989034873524230"
"Pemerintah berencana untuk menjadikan Stasiun Manggarai sebagai stasiun sentral di Jakarta. Ini 3 PR besar yang harus dibenahi. https://t.co/l9qt2BG71O";"1537984645819535361"
"RT @detikfinance: Pemerintah berencana untuk menjadikan Stasiun Manggarai sebagai stasiun sentral di Jakarta. https://t.co/B4nzQg5eqK";"1537980789702656005"
"Pemerintah berencana untuk menjadikan Stasiun Manggarai sebagai stasiun sentral di Jakarta. https://t.co/B4nzQg5eqK";"1537979641264103424"
"@espe11s Selamat pagi. Kami informasikan untuk perjalanan KRL rute Bogor-Rajawali saat ini silakan transit di Stasiun Manggarai terlebih dahulu ya Kak, kemudian silakan berpindah ke KRL Full Racket tujuan Kampung Bandan-Jatinegara-Bekasi-Cikarang & turun di Stasiun Rajawali. Terima kasih.";"1537975426328690688"
"@ipb_menfess bersama bestie @kookiebam 
definisi partner 5 stasiun, w ditinggal sendirii smp manggarai :( https://t.co/xZ9hOecTWM";"1537973655698714625"
"@wiwin90_ @PT_Transjakarta Pilihan 3: Naik JAK.51 jurusan Taman Kota turun di Pasar Rawa Jabon lalu naik JAK.14 jurusan Tanah Abang turun di Stasiun Tanah Abang lalu naik KRL jurusan Bekasi/Cikarang turun di Manggarai lalu naik jurusan Nambo/Bogor turun di Tebet";"1537972859544301569"
"Sekarang stasiun manggarai udah keren banget, udah terbantu juga sama eskalator2 yg udah berfungsi dengan baik. Toilet dan musholla juga luas. Cuma memang perlu pembiasaan lagi sama jalur2 barunya, intinya kalau lagi sepi bagus sih ?";"1537963955036950533"
"@sagibitchs @siskakolh Jatinegara/Manggarai kayaknya. Sekarang stasiun banyak yang direvitalise";"1537956930001305600"
"@hernisaresi Selamat pagi Kak. Kami informasikan tersedia KRL dengan nomor KA 2033 (Tigaraksa-Tanah Abang) yang selanjutnya menjadi KA 2034A (Tanah Abang-Manggarai), jadwal keberangkatan KRL tersebut dari Stasiun Parung Panjang pukul 09:10 WIB. Terima kasih.";"1537953319905546240"
"@fallforminho_ Selamat pagi Kak. Dapat kami sampaikan untuk tujuan Bekasi/Cikarang silakan naik KRL di peron jalur 8 Stasiun Manggarai ya. Kami imbau untuk tetap memperhatikan informasi dan arahan dari petugas di stasiun. Terima kasih.";"1537947504813445120"
"Yaampun stasiun manggarai marakke mumet tenan :(";"1537944927291981825"
"@kompascom @kompascom @CommuterLine @CommuterLine @jokowi situasi hari Jumat, 17 Jun 2022 sekitar jam 17.30 di stasiun manggarai. Tidak ada jaga jarak sama sekali. Eskalator 1 nya rusak. Lewat tangga manual juga sering penuh berdesakan. Bagaimana dgn penanggulangan covid? https://t.co/TW2dUHxsdq";"1537917809157496835"
"RT @detikcom: Eskalator di Stasiun Manggarai Jakarta Selatan mengalami tiga kali 'kematian'. Kenapa eskalator di stasiun yang strategis ini…";"1537917682716004356"
"Eskalator di Stasiun Manggarai Jakarta Selatan mengalami tiga kali 'kematian'. Kenapa eskalator di stasiun yang strategis ini rusak terus? #detikcomdoyourmagic https://t.co/ylUrWESRoG";"1537917336308527108"
"RT @PT_Transjakarta: Sahabat TiJe, mulai Senin, 20 Juni 2022, Transjakarta melakukan penyesuaian jam layanan pada rute:

4B (Stasiun Mangga…";"1537911765807222786"
"Ketemu stasiun manggarai lagi???";"1537874721059917825"
"If ngeluhin stasiun manggarai was a sport";"1537864897035653120"
"@Askrlfess lesehan di stasiun Manggarai karena diri ini sudah jompo dn nunggu dpet kereta yg ga padet bgt:) ada kli 1 jam duduk doang wkwkwk pdhal kereta lewat trs https://t.co/lr7XT6kD9f";"1537863107854315520"
"Sobat BUMN,

Penyesuaian pola operasional KRL hari Sabtu, 28 Mei 2022 resmi dijalankan untuk mendukung pelaksanaan switch over yang ke 5 di Stasiun Manggarai.
Mulai tanggal 28 Mei 2022, di Stasiun Manggarai,KRL Lin Bogor-Depok-Nambo hanya menuju Jakarta Kota melalui jalur layang.";"1537844545685438464"
"Ke stasiun gondang dia transit dari tanah Abang bisa langsung, apa harus ke Manggarai dulu ? Infoneeee mazehhhhh";"1537842970254508032"
"Kacape cape pa itu kursi kosong di tukang :( coba da cangkeul. Cobaan pa ti stasiun daru line rangkasbitung berdiri nepi ka Manggarai can di Manggarai teh war Acan war di tanah Abang ahhhhhhh cape pa demi Allah tah keret ceuli https://t.co/MOwth01d2p";"1537841797506166785"
"RT @detikcom: Eskalator di Stasiun Manggarai kembali mati meski selesai diperbaiki sepekan lalu. Sementara pagi ini, seperti biasa, Stasiun…";"1537839418634948608"
"@akuhanyaaku24 Silakan transit terlebih dahulu di Stasiun Tanah Abang. Kemudian gunakan KRL tujuan Bekasi/Cikarang untuk transit kembali di Stasiun Manggarai dan berganti KRL tujuan Depok/Bogor, tks. |2";"1537837625767505920"
"Eskalator di Stasiun Manggarai kembali mati meski selesai diperbaiki sepekan lalu. Sementara pagi ini, seperti biasa, Stasiun Manggarai ramai penumpang KRL. #detikcomdoyourmagic https://t.co/12DJMxoTIt";"1537836817650790400"
"Just Jakarta view taken from peron 12 stasiun Manggarai yang desek-desekan https://t.co/paK6v7O7yG";"1537834271049936896"
"RT @PT_Transjakarta: Sahabat TiJe, mulai Senin, 20 Juni 2022, Transjakarta melakukan penyesuaian jam layanan pada rute:

4B (Stasiun Mangga…";"1537832365485359104"
"@erickthohir @KemenBUMN @CommuterLine @kemenhub151 @BudiKaryaS Coba berangkatnya pagi sekitar jam 7-8 via stasiun manggarai pak?";"1537826396461903872"
"If ngeluhin stasiun manggarai was a sport https://t.co/EUYDg3wjTQ";"1537824666676408320"
"RT @PT_Transjakarta: Sahabat TiJe, mulai Senin, 20 Juni 2022, Transjakarta melakukan penyesuaian jam layanan pada rute:

4B (Stasiun Mangga…";"1537823162800386048"
"Urai Penumpukan Penumpang di Manggarai, KAI Commuter Uji Coba Stasiun Matraman https://t.co/6HltMmj1AU";"1537820912480919552"
"@PetraisMe @DukuhAtasBNI @codernubie @saturnomeus Iya, merapikan wilayah stasiun manggarai aja gk bisa. Harusnya bisa kerjasama antara KAI dengan pemprov DKI. Tapi ini program tdk populis dan bisa merusak image yg sdg dibangun gubernur.";"1537819893248036864"
"ak di stasiun manggarai aja bisa salah naik kereta, apalagi naik subway NYC ya https://t.co/KrOPEwAFuZ";"1537817487118508033"
"@erickthohir @KemenBUMN @CommuterLine @kemenhub151 @BudiKaryaS Tadi aku mentioned bapak gub dki soal Manggarai
Eh bapak menteri BUMN juga lagi ngurusin krl
Ayok pak ke stasiun Manggarai ?

https://t.co/TC9vktZYgK";"1537816482217742336"
"@janpiterjan @DukuhAtasBNI @codernubie @saturnomeus Mustahil stasiun manggarai bisa jadi stasiun sentral kalau sekeliling nya ga memadai.
Gw pengguna krl pun ogah turun di manggarai selama ada opsi stasiun lain.
Masih jauh perjuangan stasiun manggarai jadi stasiun sentral ?";"1537814568331751424"
"@faelyn1R Selamat malam kak, silakan transit di Stasiun Manggarai dan Duri ya. Informasi jadwal krl silahkan dapat unduh KRL Access di app/play store atau dilihat di https://t.co/0UlMEXM2kf, tks. https://t.co/4tmGD4NB4q";"1537813098228518912"
"RT terakhir: orang2 pada bilang KRL bukan tanggung jawab Pemprov, mestinya pimpinan Pempus dong yg ngelakuin itu

Bisa ni dkalo dibalik posisinya utk isu pembebasan lahan buat normalisasi ciliwung atau pemukiman sekitar stasiun sentral manggarai xixixixi";"1537812989751214080"
"RT @PT_Transjakarta: Sahabat TiJe, mulai Senin, 20 Juni 2022, Transjakarta melakukan penyesuaian jam layanan pada rute:

4B (Stasiun Mangga…";"1537811904181112832"
"kalo jalur kereta atas kaya st. manggarai, cikini, gondang, juanda oke lah harus ada tangga tapi harus ada lift juga si, lah ini rata2 stasiun jalur bekasi kereta jalur nya di bawah, tapi penumpang 'TERPAKSA' harus naik tangga dulu, kasih kenyamanan dong utk lansia & ibu hamil https://t.co/7ncqK8I85O";"1537804712409321472"
"Deny pun meminta PT KCI memperbanyak tangga - tangga atau jalur keluar - masuk penumpang di setiap stasiun -stasiun transit untuk mengurangi kepadatan penumpang. https://t.co/aJbLcyZUe7";"1537804515948171265"
"@CommuterLine kereta arah Bogor di stasiun Manggarai ada pkl 21.07 trus sampe sekarang pkl 21.26 BELUM ADA YANG LEWAT lagi tuh maksudnya apa ya? Dikira orang-orang punya waktu cuma buat nunggu doang kali ya. Gimana sih ini realita di lapangan ga sesuai banget sama jadwal!";"1537803929202921472"
"@dybaleee @CommuterLine Saya izin jawab??

Tujuannya untuk mengurangi kepadatan di stasiun Manggarai dan Jatinegara kak, jadinya orang kalau turun dan naik tuh tidak berpusat di situ saja.";"1537802742852268032"
"Gue tau itu masih jam pulang kerja, tp gue kira ga akan semengerikan itu padetnya:((( mana mau naik dan turun kereta didorong²:(( mana celah peron dan keretanya bolong... gmn klo jatoh:(

Jalan di stasiun transit manggarai ke arah bogor line pun anjir masih kena sruduk:(";"1537802441273782272"
"@Aryprasetyo85 @erickthohir @Dongko_Bahrul @NabilaAr__ @FirzaHusainID @DS_yantie @Dputrisolo @03__nakula @AntoniusCDN @HermanPrayitn16 kpd yth sdr menteri bumn tolong dicek siapa yg usul eskalator merk abal2 di stasiun manggarai, sdh berkali-kali rusak dan waktu perbaikannya sangat lama, malu pak sama negara jiran, di stasiun LRT KLCC mereka pakai merk MITSUBISHI";"1537801719664414722"
"RT @DukuhAtasBNI: @PetraisMe @codernubie @saturnomeus kalo soal ini setuju, harusnya kawasan stasiun manggarai udah mulai dibenahi besar2an…";"1537797075215101953"
"Mati 3 Kali, Ada Apa dengan Eskalator Stasiun Manggarai? https://t.co/s5c8AvG24E @erickthohir @CommuterLine @BudiKaryaS";"1537795243437080581"
"RT @detikcom: Stasiun Manggarai akan jadi pusat pergerakkan kereta di Jakarta itu. Meski begitu, fasilitas ruang tunggu terbilang masih min…";"1537795233601073154"
"RT @PT_Transjakarta: Sahabat TiJe, mulai Senin, 20 Juni 2022, Transjakarta melakukan penyesuaian jam layanan pada rute:

4B (Stasiun Mangga…";"1537792350260301824"
"RT @PT_Transjakarta: Sahabat TiJe, mulai Senin, 20 Juni 2022, Transjakarta melakukan penyesuaian jam layanan pada rute:

4B (Stasiun Mangga…";"1537789330722197504"
"RT @KemenkeuRI: Double-Double Track (DDT) Manggarai - Cikarang bakal segera rampung.

Beberapa proyek yang dibangun sejak 2014 sudah selesa…";"1537786680073416704"
"RT @detikcom: Stasiun Manggarai rencananya akan menjadi stasiun sentral di Jakarta. Namun sangat disayangkan, stasiun ini ternyata belum me…";"1537783297773686784"
"RT @PT_Transjakarta: Sahabat TiJe, mulai Senin, 20 Juni 2022, Transjakarta melakukan penyesuaian jam layanan pada rute:

4B (Stasiun Mangga…";"1537783225338064897"
"@CommuterLine Min. Jadwal dari bogor ke manggarai terakhir yang tiba di stasiun citayam malam ini jam brp ya?";"1537783019167023104"
"19.56 Dan kami harus berpisah di stasiun Manggarai.";"1537781340254642176"
"RT @PT_Transjakarta: Sahabat TiJe, mulai Senin, 20 Juni 2022, Transjakarta melakukan penyesuaian jam layanan pada rute:

4B (Stasiun Mangga…";"1537780611749777409"
"RT @PT_Transjakarta: Sahabat TiJe, mulai Senin, 20 Juni 2022, Transjakarta melakukan penyesuaian jam layanan pada rute:

4B (Stasiun Mangga…";"1537779543624552448"
"RT @PT_Transjakarta: Sahabat TiJe, mulai Senin, 20 Juni 2022, Transjakarta melakukan penyesuaian jam layanan pada rute:

4B (Stasiun Mangga…";"1537778994694606848"
"RT @PT_Transjakarta: Sahabat TiJe, mulai Senin, 20 Juni 2022, Transjakarta melakukan penyesuaian jam layanan pada rute:

4B (Stasiun Mangga…";"1537777758314835968"
"RT @PT_Transjakarta: Sahabat TiJe, mulai Senin, 20 Juni 2022, Transjakarta melakukan penyesuaian jam layanan pada rute:

4B (Stasiun Mangga…";"1537777379955056640"
"Pak erik itu kursinya kosong ngapain berdiri. Ketauan bgt kan bukan anak keretanya heheh.. 

Daripada main gimmick begini mending bapak inspeksi tuh kebijakan @CommuterLine terkait stasiun centrak manggarai yg hampir selalu bermasalah. https://t.co/wMVNmSAXxq";"1537776488661262338"
"@ceuuuuuuu Selamat malam Kak, tersedia Lift di Stasiun Manggarai yang dapat digunakan untuk berpindah lantai/peron bagi Ibu Hamil, Lansia, Penyandang disabilitas, dan Ibu membawa anak, kami juga mengimbau apabila membutuhkan bantuan petugas, silakan dpt menemui petugas ya Kak, tks.";"1537776083768311813"
"RT @PT_Transjakarta: Sahabat TiJe, mulai Senin, 20 Juni 2022, Transjakarta melakukan penyesuaian jam layanan pada rute:

4B (Stasiun Mangga…";"1537775792242929664"
"RT @PT_Transjakarta: Sahabat TiJe, mulai Senin, 20 Juni 2022, Transjakarta melakukan penyesuaian jam layanan pada rute:

4B (Stasiun Mangga…";"1537775579344211968"
"RT @PT_Transjakarta: Sahabat TiJe, mulai Senin, 20 Juni 2022, Transjakarta melakukan penyesuaian jam layanan pada rute:

4B (Stasiun Mangga…";"1537774910239830016"
"RT @PT_Transjakarta: Sahabat TiJe, mulai Senin, 20 Juni 2022, Transjakarta melakukan penyesuaian jam layanan pada rute:

4B (Stasiun Mangga…";"1537773765609676802"
"RT @PT_Transjakarta: Sahabat TiJe, mulai Senin, 20 Juni 2022, Transjakarta melakukan penyesuaian jam layanan pada rute:

4B (Stasiun Mangga…";"1537772006216675329"
"RT @PT_Transjakarta: Sahabat TiJe, mulai Senin, 20 Juni 2022, Transjakarta melakukan penyesuaian jam layanan pada rute:

4B (Stasiun Mangga…";"1537771874205151233"
"RT @PT_Transjakarta: Sahabat TiJe, mulai Senin, 20 Juni 2022, Transjakarta melakukan penyesuaian jam layanan pada rute:

4B (Stasiun Mangga…";"1537769794510135296"
"RT @PT_Transjakarta: Sahabat TiJe, mulai Senin, 20 Juni 2022, Transjakarta melakukan penyesuaian jam layanan pada rute:

4B (Stasiun Mangga…";"1537769494516748288"
"RT @PT_Transjakarta: Sahabat TiJe, mulai Senin, 20 Juni 2022, Transjakarta melakukan penyesuaian jam layanan pada rute:

4B (Stasiun Mangga…";"1537768672974217216"
"Sahabat TiJe, mulai Senin, 20 Juni 2022, Transjakarta melakukan penyesuaian jam layanan pada rute:

4B (Stasiun Manggarai - UI) 
Beroperasi pukul 05.00 - 22.00 WIB setiap hari 

6H (Senen - Lebak Bulus)
Beroperasi pukul 05.00 - 22.00 WIB setiap hari . https://t.co/Nx7bGBtF8M";"1537768424314531840"
"Masuk berita berkali2 soal eskalator di stasiun Manggarai yg rusak. Dibetuli, rusak lagi. Mengapa eskalator di stasiun2 MRT tidak ada yg rusak? Bukankah eskalator di MRT lbh dulu beroperasi drpd yg di Manggarai?";"1537765225281097729"
"Kalo mau ngotak ngatik jalur KRL sama stasiun transitnya mbok ya pas Manggarai udah siap aja gitu lho. :((";"1537764326647676930"
"Urai Kepadatan di Manggarai, Uji Coba Operasional Stasiun Matraman Dilakukan Hari Ini
https://t.co/J3FWi4AeOO";"1537763706649866245"
"RT @jalur5_: Terjadi kepadatan penumpang hari ini (17/6) di Stasiun Manggarai, Jakarta Selatan lantai atas, sekitar jam 16.30 WIB. Hal ini…";"1537763220378689537"
"Paling deket kesitu naik krl turun di Sudirman huhu skrg rempong mesti transit Manggarai dulu pdhl cm 1 stasiun ?";"1537760141189165056"
"RT @PT_Transjakarta: @asr0371 Malam kak. Stasiun terdekat adalah St Manggarai. Pada hari libur silakan dari Halte manggarai naik ke arah To…";"1537758639632441345"
"@asr0371 Malam kak. Stasiun terdekat adalah St Manggarai. Pada hari libur silakan dari Halte manggarai naik ke arah Tosari turun di halte Halimun transit ke arah Ragunan turun di Halte Setiabudi Utara Aini. Terima kasih ^RSN";"1537757744714764289"
"@mainiszz Kami mohon maaf kak atas ketidaknyamanannya, perihal jarak peron dengan KA di Stasiun Manggarai tersebut sudah menjadi catatan perbaikan, untuk saat ini demi keselamatan silakan dapat bergeser ke rangkaian kereta saat naik/turun KRL ya. tks";"1537754695581974528"
"Terjadi kepadatan penumpang hari ini (17/6) di Stasiun Manggarai, Jakarta Selatan lantai atas, sekitar jam 16.30 WIB. Hal ini karena sela KRL @commuterline Bogor Line dan Bekasi-Loop Line cukup jauh di jam sore hari. 

V: @ivhan_low https://t.co/WQv35E7MlH";"1537754175177576448"
"@rencez_23 Stasiun ditengah jatinegara manggarai mba";"1537754158400348160"
"RT @detikcom: Stasiun Manggarai akan jadi pusat pergerakkan kereta di Jakarta itu. Meski begitu, fasilitas ruang tunggu terbilang masih min…";"1537752185974722562"
"@ramsxmd @convomfs Berarti ini stasiun matraman tuh bisa jadi nuat ngebantu manggarai yg lagi pembangunan ya? Ini abis manggarai kan stasiunnya?";"1537749909759492097"
"@yeonklu @convomfs iyaa lagi dialihin efek pembangunan stasiun manggarai, keknya bakal paten sih seterusnya.

cikarang-jatinegara-ps senen-duri-manggarai-cikarang

sama

cikarang-jati-manggarai-duri-senen-jati-cikarang

jd ngeloop, kl mau ke kota transit manggarai/bandan";"1537748470614065152"
"RT @tempodotco: Usai Penataan Stasiun Manggarai, Menhub Budi Karya: Seperti di Jepang https://t.co/c1m4si3xLb #TempoVideo";"1537748044329807872"
"@saturnomeus Lha rumah pribadinya kan di deket Stasiun Fatmawati, jadi ya pas pake MRT

Kalo dirut KAI pernah tuh ke Manggarai, tapi emang kudu disering-seringin sih + pas peak hour wkwkwk";"1537747751660044289"
"Admin @CommuterLine , apa sulit banget ya buat petugas di manggarai utk ngarahin penumpang yg pake eskalator? Masa sisi kanan juga ngetem?
Petugas di tanah abang aja bisa ngarahin pdhl stasiun tanah abang ga sementereng manggarai";"1537746368160485377"
"@affluenjee @convomfs Antara stasiun Manggarai - Jatinegara";"1537746208050925569"
"@detikcom Manggarai jadi stasiun sentral, gimana Damri Antar Moda coba?. Yg DAMRI Lampung Jakarta?";"1537744717814767616"
"RT @detikcom: Stasiun Manggarai akan jadi pusat pergerakkan kereta di Jakarta itu. Meski begitu, fasilitas ruang tunggu terbilang masih min…";"1537744041156411392"
"Stasiun Manggarai akan jadi pusat pergerakkan kereta di Jakarta itu. Meski begitu, fasilitas ruang tunggu terbilang masih minim.  https://t.co/LEaPuxDbOP";"1537743307031334912"
"Stasiun Manggarai akan jadi pusat pergerakkan kereta di Jakarta itu. Meski begitu, fasilitas ruang tunggu terbilang masih minim.  https://t.co/delVZYJIbv";"1537741657285738497"
"stasiun manggarai ujan ga?";"1537740961161236480"
"@mainiszz Selamat sore, kami mohon maaf atas ketidaknyamannnya. perihal jarak antara kereta dengan peron di Stasiun Manggarai menjadi cacatan perbaikan kami demi keamanan dan keselamatan pengguna jasa KRL. |1";"1537740234624233472"
"@tanyarlfes Naik KRL tujuan Manggarai lalu naik kereta tujuan Bogor kemudian turun di Stasiun Tanjung Barat.";"1537737918928027648"
"Eskalator di Stasiun Manggarai Jakarta Selatan mengalami tiga kali 'kematian'. Kenapa eskalator di stasiun yang strategis ini rusak terus?

Akhirnya ada yg mewakili suara kita kita https://t.co/2lkrQLQ2At";"1537736096792326145"
"@rayagung79 Selamat sore. KA 4286 (Jakarta Kota-Bogor) saat ini tersedia di Stasiun Manggarai ya kak. KA tsb mengalami selisih waktu keberangkatan sehubungan adanya pergantian jalur dengan KA Jarak Jauh. Kami mohon maaf atas ketidaknyamanannya. Tks.";"1537735271177138176"
"Jakarta punya stasiun keren nih.
Sekilas mirip dengan Stasiun Hyogo Eki yg ada di Jepang.

Menggantikan Stasiun Gambir, Stasiun Manggarai sdh dilengkapi dgn guiding block, lift dan penjualan tiket otomatis

Ada yang udah pernah berkunjung?
#KAI #lrttrip #lightbridge #videotron https://t.co/9R9obLADN6";"1537731899002478592"
"RT @republikaonline: Stasiun ini berada di antara lintas Stasiun Manggarai dan Stasiun Jatinegara. https://t.co/hsVn7vobtM";"1537731296553627650"
"@gajulndase @junot911 @SmgMenfess2 apalagi liat manggarai sekarang, udah bukan stasiun lagi tapi lautan manusiaa";"1537730916788736000"
"@PetraisMe @codernubie @saturnomeus kalo soal ini setuju, harusnya kawasan stasiun manggarai udah mulai dibenahi besar2an, tp kayaknya harus ngegusur rumah2 disitu sih, dan pasti itu rada dihindari sama gub yg skrg...";"1537730281763127296"
"sedang mempersiapkan diri untuk menerjang ramainya stasiun manggarai?";"1537729999901380608"
"@DukuhAtasBNI @codernubie @saturnomeus Berarti suruh pak anies cobain diem di luar stasiun manggarai jam 7-8 pagi weekdays biar tau macetnya gimana karena jalan sempit bgt.
Makasih loh taman beton nya yg nyempit2in jalan itu.";"1537729003489878016"
"KA 4450 (Jakarta Kota-Bogor terakhir) menunggu transit  KA 6096 (Kampung Bandan-Manggarai-Cikarang) dan KA 5077 (Bekasi-Angke) di Stasiun Manggarai. |5";"1537728601260404737"
"KA 6096 (Kampung Bandan-Manggarai-Cikarang terakhir) menunggu transit penumpang KA 4455 (Bogor-Manggarai) di Stasiun Manggarai. |4";"1537728599314206720"
"KA 2366 (Duri-Tangerang terakhir) menunggu transit penumpang KA 5075 (Cikarang-Manggarai-Angke) di Stasiun Duri. |3";"1537728597430923264"
"KA 2176 (Tanah Abang-Parung Panjang terakhir) menunggu transit penumpang KA 5075 (Cikarang-Manggarai-Angke) dan KA 6094 (Kampung Bandan-Manggarai) di Stasiun Tanah Abang. |2";"1537728595451183104"
"#InfoLintas : Transitan KA Terakhir Jumat, 17 Juni 2022  

KA 2166 (Tanah Abang-Rangkasbitung terakhir) menunggu transit penumpang KA 5070 (Angke-Manggarai-Bekasi) dan KA 5071 (Cikarang-Manggarai-Angke) di Stasiun Tanah Abang. |1";"1537728593316392961"
"@mimpijadisultan Selamat sore, mohon maaf atas ketidaknyamanannya. Bisa diinformasikan kembali lokasi lebih tepatnya air keruh yg dimaksud di Stasiun Manggarai? Apabila berada di toilet bisa diinformasikan kembali toilet yg berada di dekat peron 1 atau hall baru Stasiun Manggarai? Tks.";"1537728558499786752"
"Stasiun ini berada di antara lintas Stasiun Manggarai dan Stasiun Jatinegara. https://t.co/hsVn7vobtM";"1537727899314180096"
"ABJINGGGGG BENER BGT TAIIII, STASIUN TRANSIT TANAH ABANG AMA MANGGARAI EMANG BUAT WARGA-WARGA YANG DISAYANG TUHAN ALIAS BANYAK BET COBAANNNYA. https://t.co/Rm9geUHk7c";"1537727700051587072"
"@CommuterLine Ga ngerti lagi, air di stasiun kenapa kotor banget dah ? Kan di pake buat ((cebok)) bersihin kelamin ya apa ga bahaya air keruh gitu ? barusan banget kejadian si sy Manggarai lt bawah ,";"1537726616343695360"
"Stasiun Matraman berada di antara Jatinegara dan Manggarai https://t.co/GLsidWzsXx";"1537724017930477568"
"Ya kan spt yg sdh sy bilang di tweet sebelumnya, eskalator di Manggarai rajin mati ?. Skrg @CommuterLine bereaksi krn rame dimedia, dulu mah tenang2 aja. ?

Stasiun Manggarai Ramai, Eskalator di Stasiun Manggarai Masih Belum Beres https://t.co/jcQbvc6vVL";"1537720097543843841"
"'Beberapa hari lalu, saya ke Stasiun Manggarai. Itu susah, informasi minim, fasilitas yang bisa digunakan juga terbatas,' bebernya. https://t.co/Q9emQcEAVw";"1537719962902482944"
"@elisa_jkt 2 tahun pandemi serta 4 tahun di awal kepemimpinan Gub skrg sbnrnya udah bisa banget buat kelarin pembangunan perpanjangan jalur LRT, revitalisasi lingkungan stasiun Manggarai.
Tp apa daya, terlalu fokus bangun stadion, sirkuit & taman wisata yg justru bikin semrawut.";"1537718950137540609"
"RT @detikcom: Mobil-mobil tersebut terparkir tepat di bawah rambu dilarang parkir yang tertulis 'peringatan denda penderekan Rp 500.000/har…";"1537718873872826368"
"RT @detikcom: Stasiun Manggarai rencananya akan menjadi stasiun sentral di Jakarta. Namun sangat disayangkan, stasiun ini ternyata belum me…";"1537718487820271617"
"Stasiun Manggarai rencananya akan menjadi stasiun sentral di Jakarta. Namun sangat disayangkan, stasiun ini ternyata belum memiliki tempat parkir mobil.  https://t.co/IVLmzntUww";"1537718132046979073"
"RT @detikcom: Mobil-mobil tersebut terparkir tepat di bawah rambu dilarang parkir yang tertulis 'peringatan denda penderekan Rp 500.000/har…";"1537718056176128000"
"Mobil-mobil tersebut terparkir tepat di bawah rambu dilarang parkir yang tertulis 'peringatan denda penderekan Rp 500.000/hari.'  https://t.co/aAWVPrho8o";"1537717773413101570"
"@saturnomeus I want him kena tampias hujan angin di stasiun manggarai tapi gabisa keluar grgr akses nya ribet harus nyebrang sana sini???";"1537717148986261504"
"Mobil-mobil tersebut terparkir tepat di bawah rambu dilarang parkir yang tertulis 'peringatan denda penderekan Rp 500.000/hari.'  https://t.co/HoU4q0ONU8";"1537713234706309120"
"Stasiun Manggarai rencananya akan menjadi stasiun sentral di Jakarta. Namun sangat disayangkan, stasiun ini ternyata belum memiliki tempat parkir mobil.  https://t.co/zFdlEfyQUN";"1537712226362171393"
"Suasana menuju Stasiun Manggarai di pagi hari ini pukul 08.00, Jumat (17/06/2022), terpantau macet.  https://t.co/xGfDg1V8Jn";"1537709347148640256"
"RT @vouzmegyu: @caratstalk Naik ka Bandara aja nder turun di stasiun manggarai setauku cuma 30k. Nanti dari stasiun manggarai nyambung krl…";"1537709116587618305"
"@caratstalk Naik ka Bandara aja nder turun di stasiun manggarai setauku cuma 30k. Nanti dari stasiun manggarai nyambung krl transit tanah abang terus lanjutin krl ke stasiun cisauk. Terus gojek deh deket dari situ";"1537709064041689088"
"@ikafitriza Selamat siang, rute Bogor-Palmerah silakan naik KRL tujuan Jakarta Kota terlebih dahulu, kemudian transit di Stasiun Manggarai utk berpindah kereta tujuan Angke/Kampung Bandan, lalu transit kembali di Stasiun Tanah Abang |1";"1537708264376639488"
"Suasana menuju Stasiun Manggarai di pagi hari ini pukul 08.00, Jumat (17/06/2022), terpantau macet.  https://t.co/Pm6cqVjMNi";"1537705774746587137"
"#infoWisata 5 Fakta Stasiun Gambir Bakal Pensiun Layani KA Jarak Jauh, Dialihkan ke Manggarai https://t.co/l4KxM0zw8D";"1537701057358348288"
"@erickthohir @KemenBUMN @CommuterLine @kemenhub151 @BudiKaryaS koq klo saya yang naik empet2an ... dah gitu ditahan ditiap stasiun?? dah pernah nyobain turun di Manggarai belum .. jam berangkan sama jam pulang kantor? mantab tuh ...";"1537692642934652928"
"Sementara dalam rekaman video itu juga tertulis tidak ada penjagaan di titik ini, eskalator yang terpakai cuma 1 dorong -dorongan, teriak - teriakan. Lokasi titik di dalam video itu tertulis Stasiun Manggarai. https://t.co/JJvhPMd9OS";"1537688764637913088"
"@CommuterLine min, kenapa bikin stasiun matraman? apa ngga kedeketan itu jaraknya sama st.manggarai dan st.jatinegara?";"1537682596275945473"
"Stasiun yang mempunyai singkatan MTR ini terletak diantara Stasiun Jatinegara dan Stasiun Manggarai. Sisi timur Stasiun langsung terhubung dengan Jalan Raya Matraman Jakarta Timur dan Trans Jakarta. Sangat Strategis Bukan ! |3 https://t.co/avdnveGDGU";"1537680464689115136"
"@ijustbornatdawn Selamat siang, rute Bogor-Pasar Senen silakan naik KRL tujuan Jakarta Kota terlebih dahulu, kemudian transit di Stasiun Manggarai utk berpindah kereta tujuan Bekasi/Cikarang, lalu transit kembali di Sta. Jatinegara utk berpindah kereta tujuan Kampung Bandan (via Pasar Senen). Tks";"1537677725053652993"
"Foto: KAI Commuter melakukan uji coba pengoperasian  Stasiun Matraman yang berada di antara lintas Stasiun Manggarai dan Stasiun Jatinegara. 

https://t.co/mVm1aHZoEP";"1537676051777998848"
"@fxmario Sekali kali coba wisata ke kebun raya bogor pak naik KRL, biar ngerasain stasiun manggarai";"1537671404094533632"
"@amandaptrm @drhaltekehalte deket halte busway kebon pala ka, posisinya setelah stasiun jatinegara, sebelum stasiun manggarai";"1537670216465129473"
"RT @kompascom: Tujuan dioperasikannya Stasiun Matraman yakni menghindari penumpukan pengguna KRL di Stasiun Manggarai sebagai stasiun trans…";"1537668925164429312"
"Tujuan dioperasikannya Stasiun Matraman yakni menghindari penumpukan pengguna KRL di Stasiun Manggarai sebagai stasiun transit. https://t.co/bsScjyqUGf";"1537665119064248321"
"@PT_Transjakarta Dulu kan rencana pembangunan koridor 14 dengan rute UI Depok St. Manggarai akhirnya di batalkan dan sekarang PT. Transjakarta mau bangun koridor bari di 4 stasiun termasuk Manggarai";"1537661146291126272"
"Ni stasiun punya view yang 11 12 ama manggarai lantai atas https://t.co/KbvznDHvfI";"1537660828949762048"
"@PT_Transjakarta Min rencana Transjakarta mau bangun koridor baru di 4 stasiun KRL. 4B dong di buat koridor khusus kan 4B terintergrasi. St.UP St.lenteng agung st.tanjung barat St. PS.minggu dan St. Manggarai dan terintergrasi dengan koridor 9 dan 4";"1537660693163704320"
"@erickthohir @KemenBUMN @CommuterLine @kemenhub151 @BudiKaryaS Coba dadakan pa sore hari jam pulang kantor kunjungi stasiun manggarai...";"1537657225644511232"
"#LAPORANREPORTER

VP Corporate Secretary KAI Commuter Anne Purba menyebut stasiun Shelter Matraman dapat menjadi alternatif untuk mengurai kepadatan di Staisun Transit Manggarai. Reporter RRI (FM)

Dengarkan di 88.8 Fm Pro3 RRI, RRI NET & RRI PlayGo -AMD";"1537656342172708864"
"@dpaidan Lu ke stasiun apa nad? Manggarai bukan?";"1537650248885354497"
"Keberadaan Stasiun Matraman diyakini bisa mengurai penumpukkan orang di stasiun transit, seperti Stasiun Manggarai dan Stasiun Jatinegara. https://t.co/vojUIfdIhz";"1537649787809386496"
"Mulai hari ini Stasiun Matraman, Jakarta mulai beroperasi. Stasiun ini akan melayani sahabat yang menggunakan KRL. Stasiun ini terletak di antara Stasiun Jatinegara dan Stasiun Manggarai. 

#stasiunkrl #stasiunmatraman #krl #krljabodetabek #commuterline https://t.co/rEEYeQCyiG";"1537647165157548032"
"Sobat BUMN,

Penyesuaian pola operasional KRL hari Sabtu, 28 Mei 2022 resmi dijalankan untuk mendukung pelaksanaan switch over yang ke 5 di Stasiun Manggarai.

#DukungManggaraiLebihBaik https://t.co/d6otuDpaT9";"1537644049108066305"
"cobainnya jam 4 sore dari stasiun sudirman ke bogor pak, pake transit di stasiun manggarai. https://t.co/lUCed2O9Lt";"1537642656859246592"
"Hallo ka mau tanya kalau dari halte stasiun manggarai ke central park naik busway apa saja ya @PT_Transjakarta";"1537641373418983424"
"Sobat BUMN,

Mulai tanggal 28 Mei 2022, di Stasiun Manggarai, KRL Lin Bogor-Depok-Nambo hanya menuju Jakarta Kota melalui jalur layang. Sedangkan tujuan Tanah Abang, Kampung Bandan, Angke, Duri akan dilayani dengan KRL Cikarang-Bekasi di peron 6 atau 7.

#DukungManggaraiLebihBaik";"1537633539289587712"
"@CommuterLine @kemenhub151 @BTPJAKBAN Akhirnya bisa kekantor gausah naik ojol lg dr stasiun ?? walaupun agar repot hrs transit dulu di manggarai ??";"1537632785728684033"
"RT @CommuterLine: Stasiun yang terletak diantara Stasiun Manggarai dan Jatinegara ini memiliki fasilitas tangga manual, ruang lost and foun…";"1537630108550238216"
"aku notice bgt terutama dikemarin, karena kemarin pagi pas di stasiun manggarai bener2 berkabut bgt ngeliat gedung2 tingginya dan ternyata sampai hari ini juga masih. huhu get well soon jakartaa https://t.co/jgDZsxH5dH";"1537629430939459584"
"@txtdrjkt terus dia gabut gitu krl aja gak berhenti di gambir..sekarang jarak jauh gak juga disitu teruss doi bakal buat syuting film stasiun hantu gambir...tuker guling ama Manggarai ?";"1537623489867558912"
"@Aldinifirsta2 Selamat pagi Kak. Untuk Tambun-Jakarta Kota silakan dapat transit di Stasiun Manggarai dan berganti rangkaian menggunakan Manggarai-Jakarta di peron 10/11 Stasiun Manggarai. |1";"1537621285211348992"
"@galihsugiarto Selamat pagi, kami informasikan saat ini perjalanan KRL di lintas Bogor-Jakarta Kota terpantau adanya pergantian jalur masuk Stasiun Manggarai. Kami mohon maaf atas ketidaknyamanannya. Tks.";"1537620252120739840"
"RT @perkeretaapian: Ada yang udah tau belum kalau bakalan ada stasiun baru nih?!!
Namanya stasiun Matraman!

Stasiun Matraman ini berada di…";"1537618992969691139"
"@CommuterLine ini kenapa keretanya berhenti lama terus semenjak jalur manggarai diubah min ini udh 37menit aja dijalan berhenti tiap stasiun bs 5menit lebih tolong diatur buat wktu berhenti disetiap stasiun jadi 2 menit sekali nomer KA nya berikut K1 1 85 81";"1537615594799132672"
"@CommuterLine Woiii bangke. Kagak masuk masuk manggarai. Jalur lu di stasiun manggarai tuh ada 4 ya buat yang ke bogor-jkt kota. Bisa gak sih ngaturnya. BANGKEE";"1537614917771329536"
"@CommuterLine ini kereta bogor ke kota lama banget berhentinya di setiap stasiun min belum sampe manggarai udh 30menit aja ini dijalan berikut nomer keretanya  K1 1 85 81";"1537614202566627330"
"RT @baghiailman: Pagi ini di Stasiun Manggarai. Faktor kepadatan peron 6 dan 7 ya ini salah satunya. Coba segera dicek ya, jangan lama-lama…";"1537612947941253120"
"@CommuterLine apalagi sih ini, di cawang berenti lama, mau masuk tebet berenti dulu. Mau masuk manggarai berenti lagi. Bisa nggak sih ngatur jadwal. Buat setiap krl tuh berentinya 2 menit aja maksimal di stasiun. Jadi gak ada antrian";"1537611602719305729"
"@commuterline ini apa-apaan sih percuma optimalisasi stasiun Manggarai kalo malah bikin tertahan lebih sering kayak gini. Udah mah masuk Manggarai tertahan, di Pasar Minggu lebih lama lagi. Ga jelas njir.";"1537604061649727488"
"RT @sdM_Marauders: Tolong dong PT. KAI @CommuterLine beritahu para petugas2 bawahannya seperti satpam2 yang bawa toa di stasiun manggarai…";"1537600707053748224"
"tdi pagi mimpi ada anak kecil dah kecanduan obat dkt stasiun manggarai, apa ini akibat nonton elite yg tiap episode ada narko & sagapung";"1537600241859702785"
"Per hari ini stasiun Matraman resmi dibuka, dan tadi yg turun pun gak terlalu ramai bahkan masih tergolong sepi~
Big appluse to @CommuterLine @CommuterLine mengurangi kepadatan di Manggarai xoxo ???";"1537599045489008641"
"@d1nding Naik dari tanah abang gausah transit lg di manggarai, langsung stasiun matraman turunnya";"1537597909516005376"
"@biancabicu @CommuterLine Dibangun stasiun baru dengan dulu sebelum ada stasiun baru Manggarai, tetap saja delay. Apa guna kalau begitu dengan adanya stasiun baru Manggarai itu.";"1537596800441282560"
"@Areloghy Beneran loh kak? Hari ini baru di buka stasiun nya, td ketahan lama disit bilangnya pergantian masuk stasiun manggarai ? pas jalan udah gak ketahan di tengah2 lagi ??";"1537595182711189504"
"@TaaufikTR @CurhatKRL Hahaha kepikiran gini juga. Takut diomelin karena delay terus pas masuk Manggarai, bikin lah Stasiun ?";"1537594778824888320"
"@erickthohir @KemenBUMN @CommuterLine @kemenhub151 @BudiKaryaS Pak nitip, jalur CL kebalikan dr jkt ke bekasi depok blm dpt perhatian. Sdh 15 th lbh blm berubah, tdk mendukung mrk yg kerja di bekasi, cikarang atau depok. Jadwal manggarai ke bks or dpk kl pagi tdk pernah tepat. Kl dr sudirman k manggarai bs tertahan 20 min sblm msk stasiun.";"1537593698787024896"
"Stasiun matraman dibuka cuman biar kalo nunggu masuk manggarai ngga di tengah jalan aja kalo kata gue mah";"1537591338568646656"
"@dhevant178 Selamat pagi Kak. Dapat kami informasikan untuk akses lokasi Stasiun terdekat dengan Cempaka Putih adalah Stasiun Kramat, untuk menuju Stasiun Bogor silakan dapat menggukan KRL Kramat-Manggarai lalu transit berganti rangkaian menggunakan Manggarai-Bogor, tks.";"1537564246154055680"
"Sepertinya foto ini trip terakhirku dari dan ke stasiun gambir. Besok dah di manggarai turunnya https://t.co/Jy0kU8vcMP";"1537503042156625922"
